date,new_confirmed,new_deceased,new_recovered,new_tested,cumulative_confirmed,cumulative_deceased,cumulative_recovered,cumulative_tested
2020-01-13,0,0,0,0,0,0,0,0
2020-01-14,0,0,0,0,0,0,0,0
2020-01-15,0,0,0,0,0,0,0,0
2020-01-16,0,0,0,0,0,0,0,0
2020-01-17,0,0,0,0,0,0,0,0
2020-01-18,0,0,0,0,0,0,0,0
2020-01-19,1,0,0,0,1,0,0,0
2020-01-20,0,0,0,0,1,0,0,0
2020-01-21,1,0,0,0,2,0,0,0
2020-01-22,4,0,0,0,6,0,0,1
2020-01-23,1,0,0,1,7,0,0,2
2020-01-24,1,0,0,0,8,0,0,2
2020-01-25,0,0,0,0,9,0,0,2
2020-01-26,2,0,0,0,11,0,0,2
2020-01-27,0,0,0,1,11,0,0,3
2020-01-28,0,0,0,0,11,0,0,3
2020-01-29,0,0,0,1,11,0,0,5
2020-01-30,1,0,0,0,12,0,0,5
2020-01-31,1,0,0,3,13,0,0,8
2020-02-01,0,0,0,0,14,0,0,8
2020-02-02,3,0,0,0,17,0,0,8
2020-02-03,2,0,0,3,19,0,0,11
2020-02-04,2,0,0,4,21,0,0,15
2020-02-05,0,0,0,0,22,0,0,15
2020-02-06,2,0,0,1,24,0,0,16
2020-02-07,1,0,0,0,25,0,0,16
2020-02-08,0,0,0,2,25,0,0,18
2020-02-09,0,0,0,0,25,0,0,18
2020-02-10,1,0,0,1,26,0,0,19
2020-02-11,0,0,0,1,26,0,0,20
2020-02-12,1,0,0,1,28,0,0,21
2020-02-13,2,0,0,1,30,0,0,22
2020-02-14,2,0,0,0,32,0,0,22
2020-02-15,0,0,0,3,32,0,0,26
2020-02-16,0,0,0,2,32,0,0,28
2020-02-17,2,0,0,1,44,0,0,29
2020-02-18,0,0,0,0,44,0,0,29
2020-02-19,1,0,0,6,45,0,0,35
2020-02-20,2,0,0,1,48,0,0,36
2020-02-21,6,0,0,1,54,0,0,37
2020-02-22,4,0,0,1,58,0,0,38
2020-02-23,1,0,0,0,59,0,0,38
2020-02-24,9,0,0,2,69,0,0,40
2020-02-25,5,0,0,1,76,0,0,41
2020-02-26,19,2,0,0,95,2,0,41
2020-02-27,4,1,0,6445,99,3,0,6487
2020-02-28,8,2,0,3,108,5,0,6490
2020-02-29,12,1,0,62,120,6,0,6555
2020-03-01,17,3,0,99,154,9,0,6655
2020-03-02,47,3,0,204,200,13,0,6859
2020-03-03,56,3,0,267,256,16,0,7139
2020-03-04,75,2,0,335,327,19,0,8035
2020-03-05,75,5,0,1483,389,24,0,9556
2020-03-06,154,7,0,2109,472,33,0,11734
2020-03-07,140,1,0,854,590,34,0,12666
2020-03-08,169,4,0,1136,771,40,0,13813
2020-03-09,306,4,0,2069,1077,46,0,15882
2020-03-10,432,2,0,3341,1509,50,0,19223
2020-03-11,427,6,0,4471,1936,49,0,23694
2020-03-12,669,9,0,6766,2606,57,0,30460
2020-03-13,859,5,0,9888,3468,59,0,40348
2020-03-14,1031,8,0,9812,4500,71,0,50160
2020-03-15,1264,15,0,10258,5764,82,0,60418
2020-03-16,1708,23,0,23279,7471,106,0,83738
2020-03-17,2130,24,0,26793,9601,130,0,110532
2020-03-18,3356,26,0,32707,12957,157,0,143239
2020-03-19,4638,51,0,39593,17595,209,0,182832
2020-03-20,6073,70,0,49592,23668,274,0,232424
2020-03-21,6964,62,0,52213,30632,339,0,284637
2020-03-22,9230,145,0,51963,39862,483,0,336600
2020-03-23,11211,102,0,57495,51073,583,17,394096
2020-03-24,10933,235,0,87181,62006,819,17,481277
2020-03-25,12660,242,4,82010,74666,1060,167,563287
2020-03-26,17585,313,44,107021,92251,1373,125,670308
2020-03-27,19227,412,89,100866,111478,1786,375,771174
2020-03-28,19785,550,75,111085,131263,2337,434,882260
2020-03-29,19721,507,110,86475,150984,2842,544,968735
2020-03-30,21180,583,32,100478,172164,3425,371,1069213
2020-03-31,25015,909,100,115042,197179,4335,733,1184255
2020-04-01,26163,1006,240,122246,223342,5340,973,1306502
2020-04-02,28183,1174,162,130988,251525,6514,1160,1437490
2020-04-03,31991,1288,413,142186,283516,7802,2012,1579676
2020-04-04,32993,1477,484,229905,316509,9279,2356,1809581
2020-04-05,25829,1337,41,128587,342338,10616,2397,1938168
2020-04-06,28385,1313,411,136715,370723,11929,3191,2074883
2020-04-07,30493,2042,739,170275,401216,13971,3959,2245159
2020-04-08,30930,1999,698,165140,432146,15970,4792,2410299
2020-04-09,34868,2053,1751,170277,467014,18023,6543,2580576
2020-04-10,33793,2081,1000,155725,500807,20104,8070,2736301
2020-04-11,31290,2078,1485,158124,532097,22182,9555,2894425
2020-04-12,28249,1698,621,139604,560346,23880,10176,3034029
2020-04-13,24162,1630,986,125644,584508,25510,11380,3159674
2020-04-14,26036,2354,1322,159690,610544,27864,12702,3319364
2020-04-15,29656,2540,1459,148882,640200,30404,14161,3468245
2020-04-16,31293,2196,2408,183119,671493,32600,16569,3651364
2020-04-17,31598,2116,1414,171809,703091,34716,18373,3823173
2020-04-18,27627,1896,4525,171635,730718,36612,25540,3994809
2020-04-19,26919,1764,1602,148428,757637,38376,27142,4143237
2020-04-20,24401,1814,540,143897,782038,40190,27682,4287134
2020-04-21,27380,2476,1867,166415,809418,42666,29534,4453549
2020-04-22,29175,2148,3157,334559,838593,44814,47618,4788108
2020-04-23,31984,1803,1898,217704,870577,46617,49516,5005812
2020-04-24,31221,1971,2331,245965,901798,48588,51847,5251778
2020-04-25,40992,1634,7403,272812,942790,50222,59250,5524590
2020-04-26,26907,1210,1851,203991,969697,51432,61101,5728580
2020-04-27,22732,1273,3644,195643,992429,52705,64745,5924224
2020-04-28,24937,2078,1053,215706,1017366,54783,65798,6139929
2020-04-29,26238,2686,2598,255282,1043604,57469,71809,6395211
2020-04-30,30307,2154,2197,275879,1073911,59623,77358,6671091
2020-05-01,32623,1812,2979,284527,1106534,61435,84683,6955618
2020-05-02,29263,1520,9847,270942,1135797,62955,94530,7226560
2020-05-03,25828,1247,2037,239966,1161625,64202,96567,7466526
2020-05-04,22240,981,6838,236487,1183865,65183,104265,7703013
2020-05-05,22460,2494,2662,279468,1206325,67677,106927,7982481
2020-05-06,25149,1929,3813,293378,1231474,69606,110755,8275859
2020-05-07,27293,2732,4051,329147,1258767,72338,114806,8605007
2020-05-08,27149,1787,2916,312112,1285916,74125,117722,8917119
2020-05-09,25206,1459,11421,321773,1311122,75584,129143,9238892
2020-05-10,21375,1026,2458,274394,1332497,76610,131601,9513287
2020-05-11,18057,887,6842,372067,1350554,77497,138443,9885353
2020-05-12,22413,1516,6316,339891,1372967,79013,144759,10225244
2020-05-13,21389,1725,3345,346560,1394356,80738,148104,10571804
2020-05-14,26623,1845,2338,388761,1420979,82583,150442,10960565
2020-05-15,25732,1535,3563,408037,1446711,84118,154005,11368603
2020-05-16,23710,1249,9378,392896,1470421,85367,163383,11761499
2020-05-17,20517,862,2642,349322,1490938,86229,166025,12110821
2020-05-18,20538,852,7538,347632,1511476,87081,173563,12458453
2020-05-19,20564,1325,5635,422654,1532040,88406,179198,12881108
2020-05-20,21432,1396,4251,450180,1553472,89802,183449,13331288
2020-05-21,26561,1382,2672,497925,1580033,91184,186121,13829213
2020-05-22,24064,1288,4935,450483,1604097,92472,236774,14279696
2020-05-23,22525,1034,10345,443572,1626622,93506,247119,14723268
2020-05-24,19276,691,4142,389055,1645898,94197,251261,15112323
2020-05-25,18333,557,8711,407547,1664231,94754,259972,15519871
2020-05-26,16572,669,4639,316225,1680803,95423,264611,15836096
2020-05-27,19265,1340,6395,416697,1700068,96763,271006,16252793
2020-05-28,22803,1235,7346,494405,1722871,97998,356460,16747199
2020-05-29,23848,1175,5676,507229,1746719,99173,362136,17254428
2020-05-30,23358,923,9213,480363,1770077,100096,371349,17734792
2020-05-31,21696,655,5611,428851,1791773,100751,376960,18163643
2020-06-01,19966,676,8548,417971,1811739,101427,385508,18581614
2020-06-02,19964,984,4845,449624,1831703,102411,390353,19031238
2020-06-03,20146,973,7194,505628,1851849,103384,404290,19536866
2020-06-04,20512,882,11011,497042,1872361,104266,415301,20033908
2020-06-05,23087,834,5366,620767,1895448,105100,420667,20654676
2020-06-06,22666,709,8068,555263,1918114,105809,428735,21209939
2020-06-07,19033,450,4382,436619,1937147,106259,433117,21646558
2020-06-08,16979,674,6386,406060,1954126,106933,439503,22052619
2020-06-09,16908,895,5490,455788,1971034,107828,444993,22508407
2020-06-10,20892,893,7207,486493,1991926,108721,452200,22994901
2020-06-11,21992,897,9231,486321,2013918,109618,461431,23481222
2020-06-12,23147,767,6609,623826,2037065,110385,468040,24105048
2020-06-13,25431,692,8086,544620,2062496,111077,476126,24649668
2020-06-14,21638,355,4471,473814,2084134,111432,480597,25123483
2020-06-15,18215,383,8201,447442,2102349,111815,488798,25570924
2020-06-16,22858,726,6426,499644,2125207,112541,495224,26070568
2020-06-17,24247,778,7696,564260,2149454,113319,502920,26634828
2020-06-18,26966,681,8672,561359,2176420,114000,511592,27196188
2020-06-19,30812,660,6334,664266,2207232,114660,517926,27860454
2020-06-20,32245,611,9961,605661,2239477,115271,527887,28466115
2020-06-21,29131,295,3990,503047,2268608,115566,531877,28969162
2020-06-22,26827,290,9350,498246,2295435,115856,541227,29467408
2020-06-23,33459,728,6812,670694,2328894,116584,548039,30138102
2020-06-24,39194,705,8211,618880,2368088,117289,556250,30756982
2020-06-25,39700,654,7430,711352,2407788,117943,563680,31468334
2020-06-26,44381,608,6482,739062,2452169,118551,570162,32207396
2020-06-27,43175,511,7687,717082,2495344,119062,577849,32924478
2020-06-28,41753,273,5103,610110,2537097,119335,582952,33534588
2020-06-29,39304,337,10204,661188,2576401,119672,593156,34195776
2020-06-30,46979,583,14948,710396,2623380,120255,608104,34906172
2020-07-01,51181,697,8223,733385,2674561,120952,616327,35639557
2020-07-02,53475,699,11552,774479,2728036,121651,666866,36414036
2020-07-03,54068,599,7477,792960,2782104,122250,674343,37206996
2020-07-04,54982,295,9561,682792,2837086,122545,683904,37889788
2020-07-05,45351,216,7187,616955,2882437,122761,691091,38506743
2020-07-06,40868,235,10674,653301,2923305,122996,701765,39160044
2020-07-07,50965,904,11597,734403,2974270,123900,713362,39894447
2020-07-08,62812,821,15611,783759,3037082,124721,728973,40678206
2020-07-09,59166,861,14433,848674,3096248,125582,743406,41526880
2020-07-10,67107,844,12980,908819,3163355,126426,756386,42435700
2020-07-11,62728,755,11341,834825,3226083,127181,767727,43270525
2020-07-12,61700,475,9745,793979,3287783,127656,777472,44064504
2020-07-13,57159,332,12764,768588,3344942,127988,790236,44833092
2020-07-14,58670,744,16363,836894,3403612,128732,806599,45669986
2020-07-15,69352,863,25524,908867,3472964,129595,832123,46578853
2020-07-16,70521,940,13469,946314,3543485,130535,845592,47525168
2020-07-17,76414,938,14909,943132,3619899,131473,860501,48468300
2020-07-18,64775,876,14901,865285,3684674,132349,875402,49333585
2020-07-19,64233,529,7509,785119,3748907,132878,882911,50118705
2020-07-20,56879,376,16250,737217,3805786,133254,899161,50855922
2020-07-21,62737,1045,21995,832525,3868523,134299,921156,51688447
2020-07-22,69455,1148,27199,898402,3937978,135447,948355,52586849
2020-07-23,71399,1069,27638,930852,4009377,136516,975993,53517701
2020-07-24,74951,1128,19733,1000175,4084328,137644,995726,54517876
2020-07-25,65025,1012,16530,879556,4149353,138656,1012256,55397432
2020-07-26,60689,562,17497,858435,4210042,139218,1029753,56255868
2020-07-27,54463,1067,13401,772382,4264505,140285,1043154,57028250
2020-07-28,58451,1109,28085,839592,4322956,141394,1071239,57867842
2020-07-29,64140,1505,34033,901815,4387096,142899,1105272,58769657
2020-07-30,69022,1249,21976,890236,4456118,144148,1127248,59659893
2020-07-31,67876,1322,22663,984140,4523994,145470,1149911,60644033
2020-08-01,60625,1203,22776,810905,4584619,146673,1172687,61454938
2020-08-02,53252,496,5746,787019,4637871,147169,1178433,62241958
2020-08-03,42763,516,31210,713013,4680634,147685,1209643,62954971
2020-08-04,51140,1242,19024,803339,4731774,148927,1228667,63758310
2020-08-05,52617,1359,39840,815657,4784391,150286,1268507,64573967
2020-08-06,54074,1244,18568,849087,4838465,151530,1287075,65423054
2020-08-07,60834,1321,23882,886160,4899299,152851,1310957,66309214
2020-08-08,53544,1085,18601,785896,4952843,153936,1329558,67095111
2020-08-09,50688,620,13145,800745,5003531,154556,1342703,67895856
2020-08-10,41396,430,13272,743154,5044927,154986,1355975,68639010
2020-08-11,54924,1323,29493,838857,5099851,156309,1385468,69477868
2020-08-12,56302,1516,38697,816191,5156153,157825,1424165,70294059
2020-08-13,51615,1164,19008,957094,5207768,158989,1443173,71251154
2020-08-14,56771,1226,19131,992659,5264539,160215,1462304,72243813
2020-08-15,56042,1228,21203,892300,5320581,161443,1483507,73136113
2020-08-16,42479,620,13634,781310,5363060,162063,1497141,73917424
2020-08-17,37736,412,20345,703289,5400796,162475,1517486,74620713
2020-08-18,40042,1179,22328,771519,5440838,163654,1539814,75392232
2020-08-19,45143,1409,34372,835333,5485981,165063,1574186,76227565
2020-08-20,43816,1129,20515,865846,5529797,166192,1594701,77093411
2020-08-21,46533,1114,16781,912070,5576330,167306,1611482,78005481
2020-08-22,46033,1035,19923,903980,5622363,168341,1631405,78909461
2020-08-23,37900,577,11781,724447,5660263,168918,1643186,79633908
2020-08-24,34534,337,13807,715985,5694797,169255,1656993,80349893
2020-08-25,36900,1137,29948,746594,5731697,170392,1686941,81096487
2020-08-26,44441,1300,29404,774800,5776138,171692,1716345,81871287
2020-08-27,44268,1128,15318,859426,5820406,172820,1731663,82730714
2020-08-28,46105,1021,15486,937080,5866511,173841,1747149,83667794
2020-08-29,43749,1017,21316,939821,5910260,174858,1768465,84607615
2020-08-30,38864,477,12528,821434,5949124,175335,1780993,85429050
2020-08-31,31753,381,20170,683738,5980877,175716,1801163,86112788
2020-09-01,42204,1016,16696,776586,6023081,176732,1817859,86889374
2020-09-02,30815,1036,27397,795127,6053896,177768,1845256,87684501
2020-09-03,44643,1073,34110,911798,6098539,178841,1879366,88596299
2020-09-04,51618,999,15029,1087574,6150157,179840,1894395,89683873
2020-09-05,44825,924,17832,990066,6194982,180764,1912227,90673939
2020-09-06,32898,454,13110,763011,6227880,181218,1925337,91436950
2020-09-07,27984,230,5535,667510,6255864,181448,1930872,92104460
2020-09-08,22329,348,24258,549630,6278193,181796,1955130,92654090
2020-09-09,30908,1089,27105,754691,6309101,182885,1982235,93408781
2020-09-10,37362,1157,14673,824507,6346463,184042,1996908,94233288
2020-09-11,44822,1017,13036,939707,6391285,185059,2009944,95172996
2020-09-12,41665,816,20195,1017050,6432950,185875,2030139,96190046
2020-09-13,34561,390,10525,790409,6467511,186265,2040664,96980455
2020-09-14,33572,406,15993,821294,6501083,186671,2056657,97801749
2020-09-15,34661,1034,15981,853119,6535744,187705,2072638,98654869
2020-09-16,40361,1190,29086,841079,6576105,188895,2101724,99495948
2020-09-17,43713,881,13378,985356,6619818,189776,2115102,100481304
2020-09-18,46897,900,16071,1093869,6666715,190676,2131173,101575174
2020-09-19,45722,748,19155,1166034,6712437,191424,2150328,102741208
2020-09-20,35449,328,10626,991048,6747886,191752,2160954,103732257
2020-09-21,39158,276,16227,752277,6787044,192028,2177181,104484534
2020-09-22,48978,861,29820,917823,6836022,192889,2207001,105402358
2020-09-23,39631,1159,23938,1016549,6875653,194048,2230939,106418907
2020-09-24,43342,940,36801,1015156,6918995,194988,2267740,107434063
2020-09-25,55217,841,15922,1152423,6974212,195829,2283662,108586486
2020-09-26,47231,871,22309,1136843,7021443,196700,2305971,109723329
2020-09-27,35013,306,15089,931740,7056456,197006,2321060,110655069
2020-09-28,35374,246,19677,994387,7091830,197252,2340737,111649457
2020-09-29,36695,726,17239,989798,7128525,197978,2357976,112639255
2020-09-30,45045,1066,25860,975535,7173570,199044,2383836,113614790
2020-10-01,45725,865,18978,1017276,7219295,199909,2402814,114632067
2020-10-02,49439,839,13103,1214291,7268734,200748,2415917,115846358
2020-10-03,50806,736,21548,1121319,7319540,201484,2437465,116967678
2020-10-04,38240,382,13960,1022674,7357780,201866,2451425,117990352
2020-10-05,37746,332,13497,937344,7395526,202198,2464922,118927696
2020-10-06,38791,614,15923,959602,7434317,202812,2480845,119887298
2020-10-07,51267,929,24089,1075823,7485584,203741,2527280,120963121
2020-10-08,55398,978,20119,1230824,7540982,204719,2547399,122193946
2020-10-09,57164,916,16764,1279480,7598146,205635,2558293,123473426
2020-10-10,57516,691,23351,1291388,7655662,206326,2581644,124764814
2020-10-11,46665,475,11441,1099635,7702327,206801,2593085,125864449
2020-10-12,43167,286,15951,949552,7745494,207087,2609036,126814001
2020-10-13,46898,718,16466,1079857,7792392,207805,2625502,127893858
2020-10-14,57239,797,29738,1118042,7849631,208602,2655240,129011900
2020-10-15,63821,931,20235,1187655,7913452,209533,2675475,130199555
2020-10-16,68557,892,18607,1250273,7982009,210425,2694082,131449828
2020-10-17,57561,780,22550,1320687,8039570,211205,2716632,132770515
2020-10-18,47893,406,12079,1070340,8087463,211611,2728711,133840855
2020-10-19,57714,449,24684,1100124,8145177,212060,2753395,134940980
2020-10-20,60502,837,21219,1029984,8205679,212897,2774614,135970963
2020-10-21,62948,1050,26247,1062302,8268627,213947,2800861,137033265
2020-10-22,72329,1100,28117,1312144,8340956,215047,2828978,138345409
2020-10-23,82709,945,20555,1446956,8423665,215992,2849533,139792366
2020-10-24,83877,900,30100,1370238,8507542,216892,2879633,141162604
2020-10-25,64374,399,15165,1215223,8571916,217291,2894798,142377828
2020-10-26,63396,397,22491,1125082,8635312,217688,2917289,143502909
2020-10-27,72279,922,25332,1151175,8707591,218610,2942621,144654084
2020-10-28,79769,1052,28265,1155913,8787360,219662,2970886,145809997
2020-10-29,89415,1065,34136,1457120,8876775,220727,2995222,147267117
2020-10-30,98080,930,22025,1427168,8974855,221657,3017247,148694286
2020-10-31,91166,957,32521,1456302,9066021,222614,3049768,150150588
2020-11-01,141951,414,20209,1158720,9207972,223028,3069977,151309308
2020-11-02,83448,478,24386,1229595,9291420,223506,3094363,152538903
2020-11-03,119981,1522,27845,1270866,9411401,225028,3122208,153809769
2020-11-04,106033,1132,36199,1323783,9517434,226160,3158407,155133552
2020-11-05,119325,1152,35012,1415342,9636759,227312,3193419,156548894
2020-11-06,130018,1191,26767,1780574,9766777,228503,3208228,158329469
2020-11-07,132124,1133,38720,1549563,9898901,229636,3246948,159879032
2020-11-08,112335,515,28637,1266206,10011236,230151,3275585,161145238
2020-11-09,118389,579,28444,1332349,10129625,230730,3304029,162477588
2020-11-10,135681,1358,30059,1333312,10265306,232088,3334088,163810900
2020-11-11,149211,1576,31839,1502113,10414517,233664,3365927,165313013
2020-11-12,157968,1110,50424,1610425,10572485,234774,3416351,166923439
2020-11-13,174704,1310,40292,1751296,10747189,236084,3456643,168674735
2020-11-14,167662,1354,50750,1768254,10914851,237438,3507393,170442989
2020-11-15,146897,716,35123,1621825,11061748,238154,3542516,172064814
2020-11-16,150166,612,40581,1487215,11211914,238766,3583097,173552030
2020-11-17,159551,1553,45401,1635222,11371465,240319,3621333,175187252
2020-11-18,168467,1889,51798,1699404,11539932,242208,3673131,176886656
2020-11-19,188084,2014,57883,1846030,11728016,244222,3731014,178732686
2020-11-20,197255,1913,42913,1996735,11925271,246135,3773927,180729421
2020-11-21,186257,1554,68899,2123668,12111528,247689,3842826,182853089
2020-11-22,154000,931,-5772,1806760,12265528,248620,3837054,184659849
2020-11-23,154832,859,84394,1672254,12420360,249479,3921448,186332103
2020-11-24,166474,2078,57863,1869298,12586834,251557,3979311,188201402
2020-11-25,188828,2284,132447,1877780,12775662,253841,4111758,190079182
2020-11-26,129904,1396,28926,1450063,12905566,255237,4140684,191529245
2020-11-27,198956,1413,69958,1954778,13104522,256650,4210642,193484024
2020-11-28,151332,1247,73284,1663022,13255854,257897,4283926,195147046
2020-11-29,136931,823,37461,1325630,13392785,258720,4321387,196472676
2020-11-30,150376,1041,51932,1519699,13543161,259761,4373319,197992375
2020-12-01,181086,2494,72233,1495924,13724247,262255,4445552,199488299
2020-12-02,204114,2819,88584,1591011,13928361,265074,4534136,201079310
2020-12-03,216444,2821,74804,1891484,14144805,267895,4608940,202970795
2020-12-04,230276,2558,58996,1915204,14375081,270453,4667936,204885999
2020-12-05,218823,2493,100261,2283329,14593904,272946,4768197,207169328
2020-12-06,182308,1162,44402,1663139,14776212,274108,4812599,208832467
2020-12-07,182000,1299,57534,1652175,14958212,275407,4851282,210484642
2020-12-08,218042,2675,66342,1689135,15176254,278082,4917624,212173777
2020-12-09,216450,3184,95277,1826361,15392704,281266,5012901,214000138
2020-12-10,220993,3132,85502,1956815,15613697,284398,5098403,215956953
2020-12-11,237172,2754,142867,1961947,15850869,287152,5241270,217918900
2020-12-12,226534,2481,106430,1905558,16077403,289633,5347700,219824459
2020-12-13,187410,1514,47389,1817765,16264813,291147,5395089,221642224
2020-12-14,192982,1367,68825,2008871,16457795,292514,5463914,223651095
2020-12-15,193673,2920,83097,1826241,16651468,295434,5547011,225477336
2020-12-16,234097,3457,99097,1831833,16885565,298891,5646108,227309169
2020-12-17,242643,3461,80270,1900232,17128208,302352,5726378,229209401
2020-12-18,242294,2866,73627,2188103,17370502,305218,5800005,231397504
2020-12-19,204217,2718,115176,1848392,17574719,307936,5915181,233245897
2020-12-20,197338,1680,47696,1815006,17772057,309616,5962877,235060903
2020-12-21,179877,1477,59566,1973655,17951934,311093,6022443,237034558
2020-12-22,193159,3136,74585,1761430,18145093,314229,6097028,238795988
2020-12-23,224513,3400,99335,1791269,18369606,317629,6196363,240587257
2020-12-24,206495,2950,93395,2023204,18576101,320579,6289758,242610461
2020-12-25,127176,1562,16848,1563786,18703003,322141,6306463,244174248
2020-12-26,190530,1434,105804,1951711,18893807,323575,6412410,246125959
2020-12-27,152916,1412,53509,1387564,19046723,324987,6465919,247513523
2020-12-28,164561,1502,64871,1329734,19211284,326489,6530790,248843257
2020-12-29,199618,3296,91783,1336496,19410902,329785,6622573,250179753
2020-12-30,229962,3887,98902,1581754,19640864,333672,6721475,251761507
2020-12-31,226029,3302,105943,1789790,19866893,336974,6827418,253551297
2021-01-01,183402,2593,25605,1544241,20050295,339567,6853023,255095538
2021-01-02,279502,2409,136817,1919335,20329797,341976,6989840,257014874
2021-01-03,208527,1466,42418,1443380,20538324,343442,7032258,258458254
2021-01-04,179582,1546,73536,1513527,20717906,344988,7105794,259971781
2021-01-05,219139,3486,72874,1717791,20937045,348474,7178668,261689572
2021-01-06,250733,3911,96135,1646769,21187778,352385,7274803,263336341
2021-01-07,271552,4088,103692,1912685,21459330,356473,7378495,265249026
2021-01-08,295534,3780,65479,2135675,21754864,360253,7443974,267384702
2021-01-09,269146,3538,102988,2130946,22024010,363791,7546962,269515648
2021-01-10,228441,2078,42101,2041569,22252451,365869,7589063,271557217
2021-01-11,195470,1731,74001,1690539,22447921,367600,7663064,273247756
2021-01-12,218185,4070,79097,1946615,22666106,371670,7742161,275194371
2021-01-13,224621,4097,89360,1815817,22890727,375767,7831521,277010188
2021-01-14,225464,3926,113983,2037730,23116191,379693,7945504,279047919
2021-01-15,246452,3678,57531,2300251,23362643,383371,8003035,281348170
2021-01-16,218397,3705,75624,2106643,23581040,387076,8078659,283454813
2021-01-17,186678,2067,39159,1906615,23767718,389143,8117818,285361428
2021-01-18,150613,1406,73417,1762329,23918331,390549,8191235,287123758
2021-01-19,146671,2146,64021,1596232,24065002,392695,8255256,288719990
2021-01-20,189590,4391,114492,1847292,24254592,397086,8369748,290567282
2021-01-21,186383,3895,69248,1924923,24440975,400981,8438996,292492205
2021-01-22,190745,3997,100223,2013844,24631720,404978,8539219,294506049
2021-01-23,177083,3584,66594,1975777,24808803,408562,8605813,296481827
2021-01-24,144091,1953,37478,1782017,24952894,410515,8643291,298263844
2021-01-25,133136,1590,60710,1628312,25086030,412105,8704001,299892156
2021-01-26,146556,3725,68998,1733050,25232586,415830,8772999,301625206
2021-01-27,154410,4079,95276,1621375,25386996,419909,8868275,303246581
2021-01-28,157082,4021,118731,1928450,25544078,423930,8987006,305175031
2021-01-29,167202,3508,58469,1946514,25711280,427438,9045475,307121546
2021-01-30,148698,2984,79884,2128974,25859978,430422,9125359,309250520
2021-01-31,119143,2056,37215,1716300,25979121,432478,9162574,310966821
2021-02-01,120029,1559,54498,1503863,26099150,434037,9217072,312470684
2021-02-02,117704,3473,54425,1384880,26216854,437510,9271497,313855564
2021-02-03,117010,3670,84617,1379066,26333864,441180,9356114,315234630
2021-02-04,124136,5213,128973,1661905,26458000,446393,9485087,316896535
2021-02-05,131330,3497,55246,1867354,26589330,449890,9540333,318763889
2021-02-06,114899,2991,75551,1886648,26704229,452881,9615884,320650537
2021-02-07,95623,1481,33952,1493430,26799852,454362,9649836,322143967
2021-02-08,77422,1315,30065,1383800,26877274,455677,9679901,323527767
2021-02-09,92950,2787,71902,1484458,26970224,458464,9751803,325012226
2021-02-10,95461,3427,112275,1381332,27065685,461891,9864078,326393558
2021-02-11,102333,3868,71852,1851259,27168018,465759,9935930,328244817
2021-02-12,101003,5423,54372,1806664,27269021,471182,9990302,330051481
2021-02-13,90767,3463,60173,1752719,27359788,474645,10050475,331804201
2021-02-14,72130,1374,29023,1433443,27431918,476019,10079498,333237644
2021-02-15,55088,1084,44339,1126680,27487006,477103,10123837,334364324
2021-02-16,55909,1342,44632,1037660,27542915,478445,10168469,335401984
2021-02-17,67143,2326,53609,1295922,27610058,480771,10222078,336697906
2021-02-18,66890,2610,69806,1343114,27676948,483381,10291884,338041021
2021-02-19,74563,2462,32355,1868972,27751511,485843,10324239,339909993
2021-02-20,72333,2143,65751,1288518,27823844,487986,10389990,341198511
2021-02-21,58928,1289,20284,1228824,27882772,489275,10410274,342427336
2021-02-22,52044,1240,29043,1188981,27934816,490515,10439317,343616316
2021-02-23,69263,2236,50505,1194876,28004079,492751,10489822,344811192
2021-02-24,73427,2427,65086,1444851,28077506,495178,10554908,346256044
2021-02-25,75514,3134,56902,1822799,28153020,498312,10611810,348078843
2021-02-26,75086,2136,31815,1797037,28228106,500448,10643625,349875880
2021-02-27,71164,1850,54655,1650117,28299270,502298,10698280,351525998
2021-02-28,54390,1053,19730,1404378,28353660,503351,10718010,352930376
2021-03-01,47720,1236,29017,1140583,28401380,504587,10747027,354070959
2021-03-02,54439,1726,31472,1341813,28455819,506313,10778499,355412772
2021-03-03,66930,2437,31567,1404206,28522749,508750,10810066,356816978
2021-03-04,65398,1742,45579,1581564,28588147,510492,10855645,358398542
2021-03-05,68843,2214,26574,1741755,28656990,512706,10882219,360140297
2021-03-06,60081,1673,30089,1426561,28717071,514379,10912308,361566858
2021-03-07,41935,838,21687,1168483,28759006,515217,10933995,362735341
2021-03-08,94343,823,127,8219,29129619,525548,29750,2082007
2021-03-09,55809,1885,250,9490,29185428,527433,30000,2091497
2021-03-10,58257,1468,88,9268,29243685,528901,30088,2100765
2021-03-11,61709,1528,89,7115,29305394,530429,30177,2107880
2021-03-12,64230,1702,75,8377,29369624,532131,30252,2116257
2021-03-13,49544,1867,66,4647,29419168,533998,30318,2120904
2021-03-14,38123,568,46,4229,29457291,534566,30364,2125134
2021-03-15,56789,746,119,9704,29514080,535312,30483,2134838
2021-03-16,54572,1243,105,8495,29568652,536555,30588,2143333
2021-03-17,58825,1179,43,8008,29627477,537734,30631,2151341
2021-03-18,60339,1554,46,7452,29687816,539288,30677,2158793
2021-03-19,60781,1514,98,8403,29748597,540802,30775,2167196
2021-03-20,54551,771,47,4978,29803148,541573,30822,2172175
2021-03-21,34068,445,37,3338,29837216,542018,30859,2175513
2021-03-22,54529,649,35,10294,29891745,542667,30894,2185807
2021-03-23,56798,892,88,8740,29948543,543559,30982,2194547
2021-03-24,79852,1590,81,8142,30028395,545149,31063,2202690
2021-03-25,69283,1273,62,8069,30097678,546422,31125,2210759
2021-03-26,74648,1262,66,8423,30172326,547684,31191,2219182
2021-03-27,60786,774,75,4787,30233112,548458,31266,2223969
2021-03-28,44563,495,70,3658,30277675,548953,31336,2227628
2021-03-29,70770,679,86,8876,30348445,549632,31422,2236503
2021-03-30,61764,943,90,9814,30410209,550575,31512,2246318
2021-03-31,68199,1136,104,9349,30478408,551711,31616,2255667
2021-04-01,77168,961,83,8312,30555576,552672,31699,2263979
2021-04-02,68674,951,89,7521,30624250,553623,31788,2271500
2021-04-03,64056,756,50,4274,30688306,554379,31838,2275774
2021-04-04,36822,275,87,2833,30725128,554654,31925,2278608
2021-04-05,76262,532,103,10466,30801390,555186,32028,2289074
2021-04-06,62089,912,109,9374,30863479,556098,32137,2298449
2021-04-07,73261,2575,61,8961,30936740,558673,32198,2307410
2021-04-08,80456,1003,59,8154,31017196,559676,32257,2315564
2021-04-09,81548,945,71,7481,31098744,560621,32328,2323045
2021-04-10,64724,702,64,4458,31163468,561323,32392,2327503
2021-04-11,48039,307,76,3586,31211507,561630,32468,2331089
2021-04-12,71564,462,32,10405,31283071,562092,32500,2341495
2021-04-13,77607,983,127,9496,31360678,563075,32627,2350991
2021-04-14,75668,938,68,8540,31436346,564013,32695,2359531
2021-04-15,73715,895,102,8268,31510061,564908,32797,2367800
2021-04-16,78374,937,46,7417,31588435,565845,32843,2375217
2021-04-17,53894,673,79,4233,31642329,566518,32922,2379450
2021-04-18,41531,360,69,3481,31683860,566878,32991,2382931
2021-04-19,69739,485,65,9731,31753599,567363,33056,2392661
2021-04-20,61205,835,136,9331,31814804,568198,33192,2401992
2021-04-21,62537,845,63,8223,31877341,569043,33255,2410216
2021-04-22,66227,911,49,8021,31943568,569954,33304,2418237
2021-04-23,63753,872,70,7460,32007321,570826,33374,2425697
2021-04-24,50649,724,68,3621,32057970,571550,33442,2429319
2021-04-25,33577,285,29,3421,32091547,571835,33471,2432740
2021-04-26,46962,472,95,9419,32138509,572307,33566,2442159
2021-04-27,51981,718,75,8448,32190490,573025,33641,2450608
2021-04-28,54768,931,51,7763,32245258,573956,33692,2458371
2021-04-29,57699,874,68,7727,32302957,574830,33760,2466098
2021-04-30,58318,860,0,6507,32361192,575690,0,2472605
2021-05-01,44988,715,80,4128,32406180,576405,33840,2476734
2021-05-02,29560,319,48,3031,32435740,576724,33888,2479765
2021-05-03,49783,460,62,9148,32485523,577184,33950,2488914
2021-05-04,41034,909,38,7979,32526557,578093,33988,2496893
2021-05-05,44620,775,66,7726,32571177,578868,34054,2504620
2021-05-06,47764,832,35,7393,32618941,579700,34089,2512013
2021-05-07,47401,812,41,6266,32666342,580512,34130,2518279
2021-05-08,33782,599,29,3531,32700124,581111,34159,2521810
2021-05-09,22271,248,58,2241,32722395,581359,34217,2524051
2021-05-10,36440,366,25,8106,32758835,581725,34242,2532158
2021-05-11,34055,689,42,6709,32792890,582414,34284,2538867
2021-05-12,35512,850,27,6837,32828402,583264,34311,2545704
2021-05-13,38422,781,25,6050,32866824,584045,34336,2551754
2021-05-14,41029,730,21,5358,32907853,584775,34357,2557112
2021-05-15,28968,559,19,3083,32936821,585334,34376,2560195
2021-05-16,16738,292,27,2421,32953559,585626,34403,2562617
2021-05-17,29109,374,25,7089,32982668,586000,34428,2569706
2021-05-18,27896,863,13,6138,33010564,586863,34441,2575845
2021-05-19,28127,677,21,6369,33038691,587540,34462,2582214
2021-05-20,29640,655,20,5875,33068331,588195,34482,2588089
2021-05-21,28977,694,26,7825,33097308,588889,34508,2595915
2021-05-22,18297,475,28,2474,33115605,589364,34536,2598389
2021-05-23,14124,192,20,2397,33129729,589556,34556,2600786
2021-05-24,25627,417,22,6403,33155356,589973,34578,2607189
2021-05-25,22805,700,17,5726,33178161,590673,34595,2612915
2021-05-26,23390,967,11,5268,33201551,591640,34606,2618184
2021-05-27,27777,1342,0,5184,33229328,592982,34606,2623368
2021-05-28,22012,760,43,3880,33251340,593742,34649,2627248
2021-05-29,11535,340,0,2177,33262859,594082,0,2629426
2021-05-30,6352,132,-836,2344,33269227,594214,33813,2631770
2021-05-31,6707,153,870,3592,33275934,594367,34683,2635362
2021-06-01,22389,507,8,6185,33298323,594874,34691,2641547
2021-06-02,16917,591,31,5241,33315240,595465,34722,2646788
2021-06-03,19468,615,11,4983,33334708,596080,34733,2651771
2021-06-04,-24027,134,22,4191,33310681,596214,34755,2655962
2021-06-05,10462,373,0,2359,33321115,596587,0,2658321
2021-06-06,6147,253,0,2125,33327262,596840,0,2660446
2021-06-07,19389,336,35,5482,33346679,597176,34790,2665928
2021-06-08,14225,377,23,4696,33360904,597553,34813,2670624
2021-06-09,20632,573,8,4474,33381536,598126,34821,2675099
2021-06-10,15805,460,8,3980,33397341,598586,34829,2679079
2021-06-11,16795,513,14,3692,33414136,599099,34843,2682772
2021-06-12,8299,170,0,2043,33422414,599269,0,2684815
2021-06-13,6788,97,0,1875,33429202,599366,0,2686690
2021-06-14,15068,210,49,3588,33444291,599576,34892,2690278
2021-06-15,11864,454,3,2545,33456155,600030,34895,2692823
2021-06-16,14460,424,5,3614,33470615,600454,34900,2696437
2021-06-17,12202,290,4,3946,33482817,600744,34904,2700383
2021-06-18,12627,470,5,3543,33495444,601214,34909,2703926
2021-06-19,7613,167,0,2188,33503052,601381,0,2706114
2021-06-20,4072,91,0,1957,33507124,601472,0,2708071
2021-06-21,15805,289,14,4761,33522934,601761,34923,2712833
2021-06-22,12804,425,0,3922,33535738,602186,34923,2716755
2021-06-23,13999,396,11,3680,33549737,602582,34934,2720436
2021-06-24,14726,357,0,4216,33564463,602939,34934,2724652
2021-06-25,14956,458,1,3972,33579419,603397,34935,2728625
2021-06-26,6827,125,0,2252,33586236,603522,0,2730877
2021-06-27,4098,97,0,2330,33590334,603619,0,2733208
2021-06-28,15499,161,15,4945,33605843,603780,34950,2738152
2021-06-29,15773,380,4,4149,33621616,604160,34954,2742302
2021-06-30,15956,322,0,3686,33637572,604482,34954,2745988
2021-07-01,65020,247,2,4299,33702592,604729,34956,2750288
2021-07-02,14955,266,5,3525,33717547,604995,34961,2753813
2021-07-03,4035,88,0,2337,33726961,605083,0,2756150
2021-07-04,2944,37,0,1414,33729905,605120,0,2757564
2021-07-05,10030,41,24,3741,33734556,605161,34985,2761305
2021-07-06,27105,318,0,4643,33761661,605479,34985,2765948
2021-07-07,30101,323,0,3983,33791762,605802,34985,2769932
2021-07-08,49316,368,0,4909,33841078,606170,34985,2774841
2021-07-09,35307,409,0,3953,33876385,606579,34985,2778794
2021-07-10,7834,93,0,2261,33884148,606672,0,2781055
2021-07-11,5536,32,0,1988,33889684,606704,0,2783042
2021-07-12,35247,273,0,4956,33925002,606977,34985,2787998
2021-07-13,43187,432,0,4587,33968189,607409,34985,2792585
2021-07-14,37910,392,0,4225,34006099,607801,34985,2796811
2021-07-15,36150,341,0,5280,34042249,608142,34985,2802091
2021-07-16,52229,358,0,4749,34094478,608500,34985,2806840
2021-07-17,12607,84,0,2582,34106944,608584,0,2809422
2021-07-18,9102,39,0,2841,34116046,608623,0,2812263
2021-07-19,58835,232,0,6593,34175022,608855,34985,2818857
2021-07-20,62338,304,0,5760,34237360,609159,34985,2824617
2021-07-21,59565,401,0,6319,34296925,609560,34985,2830937
2021-07-22,65704,366,0,5992,34362629,609926,34985,2836929
2021-07-23,83032,442,0,5625,34445661,610368,34985,2842555
2021-07-24,21739,102,0,3244,34467213,610470,0,2845799
2021-07-25,13950,51,0,2966,34481163,610521,0,2848766
2021-07-26,92547,274,0,8278,34573897,610795,34985,2857044
2021-07-27,107177,487,0,6320,34681074,611282,34985,2863364
2021-07-28,84719,497,0,6628,34765793,611779,34985,2869992
2021-07-29,98571,404,0,6924,34864364,612183,34985,2876917
2021-07-30,122551,542,0,6554,34986915,612725,34985,2883471
2021-07-31,29984,144,0,4478,35016579,612869,0,2887949
2021-08-01,23082,66,0,3751,35039661,612935,0,2891701
2021-08-02,135437,461,0,9183,35175418,613396,34985,2900884
2021-08-03,150355,671,0,8234,35325773,614067,34985,2909118
2021-08-04,112477,730,0,7754,35438250,614797,34985,2916872
2021-08-05,126943,573,0,7888,35565193,615370,34985,2924760
2021-08-06,168702,854,0,7252,35733895,616224,34985,2932012
2021-08-07,42412,207,0,4084,35775821,616431,0,2936097
2021-08-08,36245,133,0,4082,35812066,616564,0,2940179
2021-08-09,177668,721,0,9437,35990220,617285,34985,2949617
2021-08-10,162214,1053,0,9175,36152434,618338,34985,2958792
2021-08-11,155771,339,0,9196,36308205,618677,34985,2967988
2021-08-12,138597,1023,0,9805,36446802,619700,34985,2977794
2021-08-13,187872,1092,0,8239,36634674,620792,34985,2986033
2021-08-14,50162,244,0,4924,36684260,621036,0,2990957
2021-08-15,44079,181,0,5293,36728339,621217,0,2996250
2021-08-16,258236,1022,0,12349,36987151,622239,34985,3008599
2021-08-17,144773,994,0,11180,37131924,623233,34985,3019779
2021-08-18,164826,1123,0,10746,37296750,624356,34985,3030526
2021-08-19,159343,1733,0,11978,37456093,626089,34985,3042504
2021-08-20,199999,1539,0,9756,37656092,627628,34985,3052261
2021-08-21,79620,473,0,5536,37735156,628101,0,3057797
2021-08-22,40768,190,0,5114,37775924,628291,0,3062911
2021-08-23,265094,1369,0,13158,38041574,629660,34985,3076069
2021-08-24,150319,1404,0,12394,38191893,631064,34985,3088463
2021-08-25,171192,1451,0,12003,38363085,632515,34985,3100466
2021-08-26,187613,2219,0,13401,38550698,634734,34985,3113867
2021-08-27,196421,1777,0,11146,38747119,636511,34985,3125013
2021-08-28,85471,566,0,6494,38831893,637077,0,3131507
2021-08-29,42404,282,0,6617,38874297,637359,0,3138124
2021-08-30,279173,1734,0,15121,39154167,639093,34985,3153246
2021-08-31,160430,1438,0,14771,39314597,640531,34985,3168017
2021-09-01,211101,1929,0,14081,39525698,642460,34985,3182098
2021-09-02,175619,2945,0,14694,39701317,645405,34985,3196792
2021-09-03,192091,1985,0,10824,39893408,647390,34985,3207616
2021-09-04,66477,530,0,5688,39959234,647920,0,3213304
2021-09-05,44596,382,0,5852,40003830,648302,0,3219156
2021-09-06,77509,524,0,8994,40081990,648826,34985,3228150
2021-09-07,299186,2240,0,15577,40381176,651066,34985,3243728
2021-09-08,184318,2208,0,15145,40565494,653274,34985,3258873
2021-09-09,170620,3234,0,14763,40736114,656508,34985,3273636
2021-09-10,177092,2422,0,12743,40913206,658930,34985,3286379
2021-09-11,74219,699,0,6121,40986620,659629,0,3292500
2021-09-12,39744,304,0,6054,41026364,659933,0,3298554
2021-09-13,283701,1739,0,14377,41310870,661672,34985,3312931
2021-09-14,152939,2660,0,13282,41463809,664332,34985,3326213
2021-09-15,170396,2583,0,14799,41634205,666915,34985,3341012
2021-09-16,154764,3437,0,14264,41788969,670352,34985,3355276
2021-09-17,167434,2586,0,13544,41956403,672938,34985,3368820
2021-09-18,68697,829,0,6369,42024388,673767,0,3375189
2021-09-19,40468,306,0,5511,42064856,674073,0,3380700
2021-09-20,206168,2261,0,15059,42271736,676334,34985,3395760
2021-09-21,130324,2366,0,13018,42402060,678700,34985,3408778
2021-09-22,93919,2801,0,14062,42495979,681501,34985,3422840
2021-09-23,182203,3153,-10000,12258,42678182,684654,24985,3435099
2021-09-24,139651,2724,10000,10784,42817833,687378,34985,3445883
2021-09-25,52655,635,0,4814,42869921,688013,0,3450698
2021-09-26,35802,311,0,5645,42905723,688324,0,3456343
2021-09-27,190910,2369,0,13121,43097200,690693,34985,3469463
2021-09-28,113596,2312,0,9923,43210796,693005,34985,3479386
2021-09-29,129004,2519,0,10234,43339800,695524,34985,3489621
2021-09-30,116068,2744,0,11331,43455868,698268,34985,3500952
2021-10-01,126075,2455,0,10859,43581943,700723,34985,3511811
2021-10-02,44785,638,0,5060,43626268,701361,0,3516871
2021-10-03,26226,256,0,5482,43652494,701617,0,3522353
2021-10-04,170820,2044,0,14726,43823774,703661,34985,3537079
2021-10-05,98795,2034,0,13122,43922569,705695,34985,3550201
2021-10-06,125982,2533,0,12367,44048551,708228,34985,3562568
2021-10-07,105434,2454,0,11086,44153985,710682,34985,3573654
2021-10-08,113353,2437,0,9979,44267338,713119,34985,3583634
2021-10-09,38101,525,0,4764,44305003,713644,0,3588398
2021-10-10,23863,492,0,4954,44328866,714136,0,3593352
2021-10-11,121184,1165,0,12612,44450486,715301,34985,3605965
2021-10-12,112099,2516,0,12628,44562585,717817,34985,3618593
2021-10-13,106540,2253,0,13330,44669125,720070,34985,3631923
2021-10-14,88954,2051,0,10477,44758079,722121,34985,3642400
2021-10-15,98549,2164,0,9312,44856628,724285,34985,3651712
2021-10-16,34284,388,0,4342,44890583,724673,0,3656054
2021-10-17,23032,188,0,4769,44913615,724861,0,3660823
2021-10-18,121855,1886,0,12968,45035799,726747,34985,3673791
2021-10-19,81795,2079,0,11285,45117594,728826,34985,3685077
2021-10-20,86890,2999,0,12455,45204484,731825,34985,3697532
2021-10-21,81848,1885,0,10095,45286332,733710,34985,3707628
2021-10-22,87091,2136,0,8434,45373423,735846,34985,3716062
2021-10-23,30574,438,0,4350,45403706,736284,0,3720412
2021-10-24,17406,153,0,4767,45421112,736437,0,3725180
2021-10-25,104239,1416,0,12743,45525642,737853,34985,3737922
2021-10-26,87416,1728,0,10720,45613058,739581,34985,3748643
2021-10-27,94903,2019,0,10776,45707961,741600,34985,3759419
2021-10-28,86174,1782,0,8763,45794135,743382,34985,3768182
2021-10-29,88735,2014,0,8809,45882870,745396,34985,3776991
2021-10-30,29838,327,0,3626,45912478,745723,0,3780617
2021-10-31,19179,159,0,3497,45931657,745882,0,3784115
2021-11-01,123267,1152,0,11588,46055154,747034,34985,3795703
2021-11-02,77289,1514,0,10947,46132443,748548,34985,3806650
2021-11-03,84854,1885,0,10300,46217297,750433,34985,3816950
2021-11-04,83236,1121,0,9691,46300533,751554,34985,3826641
2021-11-05,91789,2329,0,7900,46392322,753883,34985,3834542
2021-11-06,32263,388,0,4140,46424334,754271,0,3838682
2021-11-07,22324,134,0,4241,46446658,754405,0,3842923
2021-11-08,125130,1172,0,10864,46572039,755577,34985,3853787
2021-11-09,83329,1691,0,9740,46655368,757268,34985,3863527
2021-11-10,99003,1632,0,9102,46754306,758900,0,3872630
2021-11-11,65224,725,0,6430,46819530,759625,0,3879060
2021-11-12,128768,2070,0,7749,46948298,761695,0,3886809
2021-11-13,61813,452,0,3589,47010111,762147,0,3890398
2021-11-14,24305,149,0,3780,47034204,762296,34985,3894178
2021-11-15,147631,1191,0,10827,47181835,763487,34985,3905005
2021-11-16,90857,1442,0,9554,47272692,764929,34985,3914559
2021-11-17,114393,1620,0,8324,47387085,766549,34985,3922883
2021-11-18,110339,3222,0,8395,47497424,769771,34985,3931278
2021-11-19,119587,1993,0,7152,47617011,771764,34985,3938430
2021-11-20,41237,322,0,3129,47657929,772086,0,3941559
2021-11-21,31478,126,0,3087,47689407,772212,0,3944646
2021-11-22,158085,1234,0,10678,47847811,773446,34985,3955324
2021-11-23,93128,1474,0,8298,47940939,774920,34985,3963623
2021-11-24,120372,1634,0,7581,48061311,776554,34985,3971204
2021-11-25,31014,375,0,2372,48092325,776929,34985,3973577
2021-11-26,51007,543,0,3895,48143332,777472,34985,3977471
2021-11-27,24954,192,0,3440,48168286,777664,34985,3980911
2021-11-28,24056,124,0,3331,48192342,777788,34985,3984243
2021-11-29,215531,1875,0,10034,48407873,779663,34985,3994277
2021-11-30,109832,1555,0,8615,48517705,781218,34985,4002892
2021-12-01,139401,1969,0,7412,48657106,783187,34985,4010305
2021-12-02,138902,1355,0,8060,48796008,784542,34985,4018365
2021-12-03,153568,2152,0,6713,48949576,786694,34985,4025079
2021-12-04,57961,493,0,2996,49006971,787187,0,4028075
2021-12-05,34680,164,0,4111,49041651,787351,0,4032186
2021-12-06,196374,1347,0,9072,49238591,788698,34985,4041258
2021-12-07,114656,1769,0,7767,49353247,790467,34985,4049025
2021-12-08,149130,1875,0,7920,49502377,792342,34985,4056945
2021-12-09,123760,1298,0,6790,49625288,793822,34985,3608967
2021-12-10,165300,2104,0,5101,49790588,795926,34985,3614068
2021-12-11,51471,416,0,2647,49841369,796342,0,3616715
2021-12-12,36414,196,0,2709,49877783,796538,0,3619424
2021-12-13,202688,1289,0,7766,50081161,797827,34985,3627190
2021-12-14,116628,1734,0,6913,50197789,799561,34985,3634103
2021-12-15,145311,2097,0,6086,50343100,801658,34985,3640189
2021-12-16,146802,1164,0,5835,50489902,802822,34985,3646024
2021-12-17,173834,2042,0,4801,50663736,804864,34985,3650825
2021-12-18,74759,475,0,2520,50734732,805339,0,3653345
2021-12-19,72627,163,0,2647,50807359,805502,0,3655992
2021-12-20,299990,1419,0,6294,51111112,806921,34985,3662286
2021-12-21,189954,2088,0,5830,51301066,809009,34985,3668116
2021-12-22,244098,2057,0,5073,51545164,811066,34985,3673189
2021-12-23,272809,3286,0,5272,51817973,814352,34985,3678461
2021-12-24,184034,1003,0,2879,51992807,815355,0,3681340
2021-12-25,58404,100,0,622,52051211,815455,0,3681962
2021-12-26,189805,81,0,2946,52241016,815536,0,3684908
2021-12-27,535815,1743,0,7136,52786031,817279,34985,3692044
2021-12-28,380733,2498,0,6847,53166764,819777,34985,3698891
2021-12-29,489474,2101,0,6215,53656238,821878,34985,3705106
2021-12-30,585863,1415,0,7090,54239860,823293,0,3712196
2021-12-31,446844,1197,0,4262,54686704,824490,0,3716458
2022-01-01,161960,273,0,1547,54848664,824763,0,3718005
2022-01-02,286868,233,0,4061,55135532,824996,0,3722066
2022-01-03,1018686,1651,0,10419,56154218,826647,34985,3732485
2022-01-04,884796,2364,0,10299,57039014,829011,34985,3742784
2022-01-05,707134,2129,0,9475,57746148,831140,34985,3752259
2022-01-06,760542,1973,0,10611,58506690,833113,34985,3762870
2022-01-07,901912,2688,0,10524,59408602,835801,34985,3773394
2022-01-08,447054,691,0,5331,59849418,836492,0,3778725
2022-01-09,316109,402,0,5071,60165527,836894,0,3783796
2022-01-10,1427763,1686,0,10735,61599528,838580,34985,3794531
2022-01-11,772241,2682,0,9564,62371769,841262,34985,3804095
2022-01-12,878920,2727,0,9706,63250689,843989,34985,3813801
2022-01-13,871941,2288,0,8936,64122630,846277,34985,3822737
2022-01-14,932773,2995,0,8964,65055403,849272,34985,3831701
2022-01-15,425291,1002,0,4082,65476858,850274,0,3835783
2022-01-16,339145,414,0,4413,65816003,850688,0,3840196
2022-01-17,713331,776,0,8123,66529334,851464,0,3848319
2022-01-18,1177726,2988,0,11026,67710896,854452,34985,3859345
2022-01-19,845037,3317,0,9554,68555933,857769,34985,3868899
2022-01-20,751358,2676,0,9211,69307291,860445,34985,3878110
2022-01-21,822744,3868,0,8518,70130035,864313,34985,3886628
2022-01-22,338877,937,0,3873,70467562,865250,0,3890501
2022-01-23,200549,571,0,4193,70668111,865821,0,3894694
2022-01-24,1028197,2163,0,10198,71697658,867984,34985,3904892
2022-01-25,513668,2978,0,7748,72211326,870962,34985,3912640
2022-01-26,681763,3890,0,7512,72893089,874852,34985,3920152
2022-01-27,533066,3094,0,6582,73426155,877946,34985,3926734
2022-01-28,551758,3878,0,6740,73977913,881824,34985,3933474
2022-01-29,243622,1307,0,2858,74221535,883131,0,3936332
2022-01-30,104696,364,0,3250,74326231,883495,0,3939582
2022-01-31,659731,2579,0,8016,74985962,886074,34985,3947598
2022-02-01,298314,3584,0,5736,75284276,889658,34985,3953334
2022-02-02,323144,3626,0,5486,75607420,893284,34985,3958820
2022-02-03,313904,3030,0,4725,75921324,896314,34985,3963545
2022-02-04,311240,3978,0,4921,76232564,900292,34985,3968466
2022-02-05,124584,869,0,2067,76356521,901161,0,3970533
2022-02-06,59040,380,0,2320,76415561,901541,0,3972853
2022-02-07,345413,2741,0,6472,76761601,904282,34985,3979325
2022-02-08,196420,3364,0,5033,76958021,907646,34985,3984358
2022-02-09,224914,3553,0,4131,77182935,911199,34985,3988489
2022-02-10,174234,3261,0,3567,77357169,914460,34985,3992056
2022-02-11,169141,2810,-900,2945,77526310,917270,34085,3995001
2022-02-12,64467,762,0,1122,77590302,918032,0,3996123
2022-02-13,34805,475,0,1341,77625107,918507,0,3997464
2022-02-14,205260,2591,900,4178,77830842,921098,34985,4001642
2022-02-15,116048,2853,0,3885,77946890,923951,34985,4005527
2022-02-16,140116,3280,0,3163,78087006,927231,34985,4008690
2022-02-17,104387,3189,315000,3180,78191393,930420,349985,4011870
2022-02-18,109313,2493,-315000,2893,78300706,932913,34985,4014763
2022-02-19,46564,694,0,1277,78346901,933607,0,4016040
2022-02-20,26373,414,0,1589,78373274,934021,0,4017629
2022-02-21,56018,761,0,2420,78429292,934782,0,4020049
2022-02-22,123050,2728,0,3450,78552711,937510,34985,4023499
2022-02-23,83194,3004,0,2922,78635905,940514,34985,4026421
2022-02-24,73866,2910,0,2653,78709771,943424,34985,4029074
2022-02-25,85599,2814,0,2142,78795370,946238,34985,4031216
2022-02-26,25453,566,0,862,78820585,946804,0,4032078
2022-02-27,9206,197,0,1225,78829791,947001,0,4033303
2022-02-28,107118,1973,0,3933,78937147,948974,34985,4037236
2022-03-01,43912,1933,0,3199,78981000,950907,0,4040435
2022-03-02,57920,2322,0,2826,79038920,953229,0,4043261
2022-03-03,52033,1883,0,2680,79090953,955112,0,4045941
2022-03-04,49144,1892,0,1903,79140097,957004,0,4047844
2022-03-05,16716,308,0,1324,79156813,957312,0,4049168
2022-03-06,6879,212,0,1491,79163692,957524,0,4050659
2022-03-07,62762,1686,0,3092,79226454,959210,0,4053751
2022-03-08,35163,1575,0,2608,79261617,960785,0,4056359
2022-03-09,46589,1804,0,2247,79308206,962589,0,4058606
2022-03-10,38436,1559,0,2145,79346642,964148,0,4060751
2022-03-11,43966,1684,0,1927,79390608,965832,0,4062678
2022-03-12,11088,472,0,980,79401696,966304,0,4063658
2022-03-13,6467,143,0,1238,79408163,966447,0,4064896
2022-03-14,48770,-2434,0,2939,79456933,964013,0,4067835
2022-03-15,48622,1523,0,2347,79505555,965536,0,4070182
2022-03-16,39158,2032,0,2234,79544713,967568,0,4072416
2022-03-17,36266,1211,0,2232,79580979,968779,0,4074648
2022-03-18,36136,1045,0,1918,79617115,969824,0,4076566
2022-03-19,12234,332,0,1096,79629349,970156,0,4077662
2022-03-20,7927,83,0,1397,79637276,970239,0,4079059
2022-03-21,46026,927,0,3144,79683302,971166,0,4082203
2022-03-22,25977,1030,0,2595,79709279,972196,0,4084798
2022-03-23,46746,1335,0,2238,79756025,973531,0,4087036
2022-03-24,38057,982,0,2347,79794082,974513,0,4089383
2022-03-25,33403,832,0,1997,79827485,975345,0,4091380
2022-03-26,12199,164,0,793,79839684,975509,0,4092173
2022-03-27,7591,51,0,1044,79847275,975560,0,4093217
2022-03-28,42320,910,0,2629,79889595,976470,0,4095846
2022-03-29,25900,757,0,2531,79915495,977227,0,4098377
2022-03-30,44945,1202,0,2040,79960440,978429,0,4100417
2022-03-31,37964,875,0,2008,79998404,979304,0,4102425
2022-04-01,32211,646,0,1836,80030615,979950,0,4104261
2022-04-02,11564,138,0,697,80042179,980088,0,4104958
2022-04-03,5011,39,0,873,80047190,980127,0,4105831
2022-04-04,41171,625,0,1586,80088361,980752,0,4107417
2022-04-05,31138,464,0,196,80119499,981216,0,4107613
2022-04-06,48657,1119,0,0,80168156,982335,0,4107613
2022-04-07,35882,708,0,0,80204038,983043,0,4107613
2022-04-08,44311,543,0,0,80248349,983586,0,4107613
2022-04-09,13692,273,0,0,80262041,983859,0,4107613
2022-04-10,8262,27,0,0,80270303,983886,0,4107613
2022-04-11,50124,435,0,0,80320427,984321,0,4107613
2022-04-12,29286,591,0,0,80349713,984912,0,4107613
2022-04-13,52842,990,0,0,80402555,985902,0,4107613
2022-04-14,57675,617,0,0,80460230,986519,0,4107613
2022-04-15,47945,724,0,0,80508175,987243,0,4107613
2022-04-16,11108,40,0,0,80519283,987283,0,4107613
2022-04-17,11354,17,0,0,80530637,987300,0,4107613
2022-04-18,60224,318,0,1,80590861,987618,0,4107614
2022-04-19,50320,454,0,0,80641181,988072,0,4107614
2022-04-20,61628,598,0,0,80702809,988670,0,4107614
2022-04-21,59473,484,0,0,80762282,989154,0,4107614
2022-04-22,68300,490,0,0,80830582,989644,0,4107614
2022-04-23,19072,100,0,0,80849654,989744,0,4107614
2022-04-24,12503,28,0,0,80862157,989772,0,4107614
2022-04-25,74828,353,0,0,80936985,990125,0,4107614
2022-04-26,54938,306,0,0,80991923,990431,0,4107614
2022-04-27,83236,668,0,0,81075159,991099,0,4107614
2022-04-28,73772,463,0,0,81148931,991562,0,4107614
2022-04-29,82061,419,0,0,81230992,991981,0,4107614
2022-04-30,22478,90,0,0,81253470,992071,0,4107614
2022-05-01,15505,23,0,0,81268975,992094,0,4107614
2022-05-02,95953,392,0,0,81364928,992486,0,4107614
2022-05-03,69685,664,0,0,81434613,993150,0,4107614
2022-05-04,100727,1934,0,0,81535340,995084,0,4107614
2022-05-05,93665,694,0,0,81629005,995778,0,4107614
2022-05-06,95396,455,0,0,81724401,996233,0,4107614
2022-05-07,30433,96,0,0,81754834,996329,0,4107614
2022-05-08,11868,19,0,0,81766702,996348,0,4107614
2022-05-09,112976,330,0,0,81879678,996678,0,4107614
2022-05-10,94000,304,0,0,81973678,996982,0,4107614
2022-05-11,160186,551,0,0,82133864,997533,0,4107614
2022-05-12,115679,373,0,0,82249543,997906,0,4107614
2022-05-13,114730,427,0,0,82364273,998333,0,4107614
2022-05-14,25230,46,0,0,82389503,998379,0,4107614
2022-05-15,19544,27,0,0,82409047,998406,0,4107614
2022-05-16,150064,321,0,0,82559111,998727,0,4107614
2022-05-17,134395,354,0,0,82693506,999081,0,4107614
2022-05-18,167264,563,0,0,82860770,999644,0,4107614
2022-05-19,121404,406,0,0,82982174,1000050,0,4107614
2022-05-20,140273,398,0,0,83122447,1000448,0,4107614
2022-05-21,37524,115,0,0,83159971,1000563,0,4107614
2022-05-22,22132,51,0,0,83182103,1000614,0,4107614
2022-05-23,133120,249,0,0,83315223,1000863,0,4107614
2022-05-24,132875,549,0,0,83448098,1001412,0,4107614
2022-05-25,185355,804,0,0,83633453,1002216,0,4107614
2022-05-26,125006,343,0,0,83758459,1002559,0,4107614
2022-05-27,139222,602,0,0,83897681,1003161,0,4107614
2022-05-28,13980,35,0,0,83911661,1003196,0,4107614
2022-05-29,9166,8,0,0,83920827,1003204,0,4107614
2022-05-30,32343,22,0,0,83953170,1003226,0,4107614
2022-05-31,182679,382,0,0,84135849,1003608,0,4107614
2022-06-01,217463,592,0,0,84353312,1004200,0,4107614
2022-06-02,111727,372,0,0,84465039,1004572,0,4107614
2022-06-03,142560,408,0,0,84607599,1004980,0,4107614
2022-06-04,43886,194,0,0,84651485,1005174,0,4107614
2022-06-05,16618,18,0,0,84668103,1005192,0,4107614
2022-06-06,137305,321,0,0,84805408,1005513,0,4107614
2022-06-07,143248,471,0,0,84948656,1005984,0,4107614
2022-06-08,176690,1045,0,0,85125346,1007029,0,4107614
2022-06-09,117981,345,0,0,85243327,1007374,0,4107614
2022-06-10,136331,371,0,0,85379658,1007745,0,4107614
2022-06-11,35552,124,0,0,85415210,1007869,0,4107614
2022-06-12,18586,19,0,0,85433796,1007888,0,4107614
2022-06-13,125716,271,0,0,85559512,1008159,0,4107614
2022-06-14,135733,439,0,0,85695245,1008598,0,4107614
2022-06-15,170052,654,0,0,85865297,1009252,0,4107614
2022-06-16,104545,335,0,0,85969842,1009587,0,4107614
2022-06-17,116882,304,0,0,86086724,1009891,0,4107614
2022-06-18,14976,25,0,0,86101700,1009916,0,4107614
2022-06-19,14767,22,0,0,86116467,1009938,0,4107614
2022-06-20,54255,89,0,0,86170722,1010027,0,4107614
2022-06-21,210300,573,0,0,86381022,1010600,0,4107614
2022-06-22,168345,774,0,0,86549367,1011374,0,4107614
2022-06-23,116881,499,0,0,86666248,1011873,0,4107614
2022-06-24,156084,494,0,0,86822332,1012367,0,4107614
2022-06-25,47904,163,0,0,86870236,1012530,0,4107614
2022-06-26,18418,6,0,0,86888654,1012536,0,4107614
2022-06-27,132611,280,0,0,87021265,1012816,0,4107614
2022-06-28,122729,541,0,0,87143994,1013357,0,4107614
2022-06-29,193305,693,0,0,87337299,1014050,0,4107614
2022-06-30,124090,453,0,0,87461389,1014503,0,4107614
2022-07-01,152662,523,0,0,87614051,1015026,0,4107614
2022-07-02,12517,21,0,0,87626568,1015047,0,4107614
2022-07-03,7124,3,0,0,87633692,1015050,0,4107614
2022-07-04,35844,64,0,0,87669536,1015114,0,4107614
2022-07-05,181106,426,0,0,87850642,1015540,0,4107614
2022-07-06,237750,717,0,0,88088392,1016257,0,4107614
2022-07-07,125113,477,0,0,88213505,1016734,0,4107614
2022-07-08,168473,562,0,0,88381978,1017296,0,4107614
2022-07-09,23770,36,0,0,88405748,1017332,0,4107614
2022-07-10,22772,8,0,0,88428520,1017340,0,4107614
2022-07-11,175681,551,0,0,88604201,1017891,0,4107614
2022-07-12,184744,523,0,0,88788945,1018414,0,4107614
2022-07-13,188464,857,0,0,88977409,1019271,0,4107614
2022-07-14,144624,458,0,0,89122033,1019729,0,4107614
2022-07-15,170281,533,0,0,89292314,1020262,0,4107614
2022-07-16,21260,42,0,0,89313574,1020304,0,4107614
2022-07-17,22128,11,0,0,89335702,1020315,0,4107614
2022-07-18,170746,520,0,0,89506448,1020835,0,4107614
2022-07-19,161308,547,0,0,89667756,1021382,0,4107614
2022-07-20,202103,792,0,0,89869859,1022174,0,4107614
2022-07-21,153891,552,0,0,90023750,1022726,0,4107614
2022-07-22,166125,580,0,0,90189875,1023306,0,4107614
2022-07-23,24435,56,0,0,90214310,1023362,0,4107614
2022-07-24,21769,14,0,0,90236079,1023376,0,4107614
2022-07-25,167928,512,0,0,90404007,1023888,0,4107614
2022-07-26,164814,519,0,0,90568821,1024407,0,4107614
2022-07-27,224568,824,0,0,90793389,1025231,0,4107614
2022-07-28,149447,484,0,0,90942836,1025715,0,4107614
2022-07-29,139706,618,0,0,91082542,1026333,0,4107614
2022-07-30,12125,22,0,0,91094667,1026355,0,4107614
2022-07-31,10968,9,0,0,91105635,1026364,0,4107614
2022-08-01,176993,606,0,0,91282628,1026970,0,4107614
2022-08-02,108567,445,0,0,91391195,1027415,0,4107614
2022-08-03,214560,1057,0,0,91605755,1028472,0,4107614
2022-08-04,164965,673,0,0,91770720,1029145,0,4107614
2022-08-05,132224,658,0,0,91902944,1029803,0,4107614
2022-08-06,10943,28,0,0,91913887,1029831,0,4107614
2022-08-07,10160,11,0,0,91924047,1029842,0,4107614
2022-08-08,145743,563,0,0,92069790,1030405,0,4107614
2022-08-09,129004,562,0,0,92198794,1030967,0,4107614
2022-08-10,172821,852,0,0,92371615,1031819,0,4107614
2022-08-11,137291,701,0,0,92508906,1032520,0,4107614
2022-08-12,121963,671,0,0,92630869,1033191,0,4107614
2022-08-13,6970,18,0,0,92637839,1033209,0,4107614
2022-08-14,10773,12,0,0,92648612,1033221,0,4107614
2022-08-15,129572,555,0,0,92778184,1033776,0,4107614
2022-08-16,120959,472,0,0,92899143,1034248,0,4107614
2022-08-17,158251,960,0,0,93057394,1035208,0,4107614
2022-08-18,126768,608,0,0,93184162,1035816,0,4107614
2022-08-19,108824,531,0,0,93292986,1036347,0,4107614
2022-08-20,8019,27,0,0,93301005,1036374,0,4107614
2022-08-21,8620,8,0,0,93309625,1036382,0,4107614
2022-08-22,120825,593,0,0,93430450,1036975,0,4107614
2022-08-23,105499,505,0,0,93535949,1037480,0,4107614
2022-08-24,172098,919,0,0,93708047,1038399,0,4107614
2022-08-25,111393,644,0,0,93819440,1039043,0,4107614
2022-08-26,102644,637,0,0,93922084,1039680,0,4107614
2022-08-27,8930,30,0,0,93931014,1039710,0,4107614
2022-08-28,8621,3,0,0,93939635,1039713,0,4107614
2022-08-29,112418,591,0,0,94052053,1040304,0,4107614
2022-08-30,117319,467,0,0,94169372,1040771,0,4107614
2022-08-31,152946,1403,0,0,94322318,1042174,0,4107614
2022-09-01,108825,713,0,0,94431143,1042887,0,4107614
2022-09-02,88502,502,0,0,94519645,1043389,0,4107614
2022-09-03,7526,19,0,0,94527171,1043408,0,4107614
2022-09-04,5892,1,0,0,94533063,1043409,0,4107614
2022-09-05,18537,53,0,0,94551600,1043462,0,4107614
2022-09-06,125989,628,0,0,94677589,1044090,0,4107614
2022-09-07,144151,829,0,0,94840522,1044912,0,0
2022-09-08,88425,674,0,0,94928947,1045586,0,0
2022-09-09,73885,533,0,0,95002832,1046119,0,0
2022-09-10,3227,26,0,0,95006059,1046145,0,0
2022-09-11,11464,19,0,0,95017523,1046164,0,0
2022-09-12,87513,569,0,0,95105036,1046733,0,0
2022-09-13,61642,522,0,0,95166678,1047255,0,0
2022-09-14,115724,985,0,0,95282402,1048240,0,0
2022-09-15,94168,756,0,0,95376570,1048996,0,0
2022-12-30,-31136,0,0,0,103487,0,34985,0
